cat_id,cat_name,cat_slug,cat_posttype,cat_parent,cat_schema,cat_font_icon,cat_color,cat_description,cat_top_description,cat_bottom_description,cat_image,cat_icon
6,"CARS &amp; MOTORBIKES",car,gd_place,,,,,,,,,
8,NISSAN,nissan,gd_place,"CARS &amp; MOTORBIKES",,,,,,,,
9,MAZDA,mazda,gd_place,"CARS &amp; MOTORBIKES",,,,,,,,
26,"HOME &amp; GARDEN",home-and-garden,gd_place,,,,,,,,,
27,"FURNITURE &amp; DECORATION",furniture-and-decoration,gd_place,,,,,,,,,
28,"VIDEO GAMES &amp; CONSOLES",video-games-and-consoles,gd_place,,,,,,,,,
29,"CLOTHING &amp; SHOES",clothing-and-shoes,gd_place,,,,,,,,,
30,"BOOKS &amp; MAGAZINES",books-and-magazines,gd_place,,,,,,,,,
31,"COMPUTERS &amp; TABLETS",computers-and-tablets,gd_place,,,,,,,,,
32,"PHONES &amp; ACCESSORIES",phones-and-accessories,gd_place,,,,,,,,,
33,"HOME ELECTRONICS",domestic-appliances-and-electronics,gd_place,,,,,,,,,
34,CAMERAS,cameras,gd_place,,,,,,,,,
35,"MUSIC &amp; INSTRUMENTS",music-and-instruments,gd_place,,,,,,,,,
36,"MOVIES &amp; ACCESSORIES",movies-and-accessories,gd_place,,,,,,,,,
37,COLLECTIBLES,collectibles,gd_place,,,,,,,,,
39,BAGS,bags,gd_place,,,,,,,,,
40,"BABIES &amp; MOTHERS",babies-and-mothers,gd_place,,,,,,,,,
41,"CHILDREN &amp; ACCESSORIES",children-and-accessories,gd_place,,,,,,,,,
42,"TOYS, DOLLS &amp; TEDDIES",toys-dolls-and-teddies,gd_place,,,,,,,,,
44,"BEAUTY &amp; HEALTH",beauty-and-health,gd_place,,,,,,,,,
46,"ART, DESIGN &amp; ANTIQUES",art-design-and-antiques,gd_place,,,,,,,,,
47,"TICKETS, GIFT CARDS &amp; COUPONS",tickets-gift-cards-and-coupons,gd_place,,,,,,,,,
48,"SPORTS &amp; ACCESSORIES",sports-and-accessories,gd_place,,,,,,,,,
49,"BUILDING &amp; REFURBISHING",building-and-renovation,gd_place,,,,,,,,,
50,TRAVEL,travel,gd_place,,,,,,,,,
51,"HOUSING &amp; REAL ESTATE",housing-and-real-estate,gd_place,,,,,,,,,
52,MAKERS,makers,gd_place,,,,,,,,,
53,ANIMALS,animals,gd_place,,,,,,,,,
54,"ENTERTAINMENT &amp; HOBBIES",entertainment-and-hobbies,gd_place,,,,,,,,,
55,"TRADES &amp; PROFESSIONAL EQUIPMENT",trades-and-professional-equipment,gd_place,,,,,,,,,
56,"NETWORKING SERVICES",networking-services,gd_place,,,,,,,,,
58,MISCELLANEOUS,miscellaneous,gd_place,,,,,,,,,
59,"HOBBY GROUPS &amp; MEMBERS",hobby-groups-members,gd_place,,,,,,,,,
60,"Musical band",musical-band,gd_place,"HOBBY GROUPS &amp; MEMBERS",,,,,,,,
61,"Tupperware group",tupperware-group,gd_place,"HOBBY GROUPS &amp; MEMBERS",,,,,,,,
62,"Exchange Children’s Clothes",exchange-childrens-clothes,gd_place,"HOBBY GROUPS &amp; MEMBERS",,,,,,,,
63,"Exchange Baby &amp; Maternity Clothes",exchange-baby-clothes,gd_place,"HOBBY GROUPS &amp; MEMBERS",,,,,,,,
64,"Exchange Sports Equipment",exchange-sports-equipment,gd_place,"HOBBY GROUPS &amp; MEMBERS",,,,,,,,
65,"Seek Baby sitter",seek-baby-sitter,gd_place,"HOBBY GROUPS &amp; MEMBERS",,,,,,,,
66,Horses,horses,gd_place,ANIMALS,,,,,,,,
67,"Riding Equipment",riding,gd_place,ANIMALS,,,,,,,,
68,"Cages, Aquarium &amp; Carriers",cages-aquarium-carriers,gd_place,ANIMALS,,,,,,,,
69,Rodents,rodents,gd_place,ANIMALS,,,,,,,,
70,Fish,fish,gd_place,ANIMALS,,,,,,,,
71,Cats,cats,gd_place,ANIMALS,,,,,,,,
72,Dogs,dogs,gd_place,ANIMALS,,,,,,,,
73,Birds,birds,gd_place,ANIMALS,,,,,,,,
74,Reptiles,reptiles,gd_place,ANIMALS,,,,,,,,
75,"Other Animals",other-animals,gd_place,ANIMALS,,,,,,,,
76,Trackers,trackers,gd_place,ANIMALS,,,,,,,,
77,Cameras,cameras-animals,gd_place,ANIMALS,,,,,,,,
78,"Pet Beds",pet-beds,gd_place,ANIMALS,,,,,,,,
79,"Toys for Animals",toys-for-animals,gd_place,ANIMALS,,,,,,,,
80,"Other Animal Equipment",other-animal-equipment,gd_place,ANIMALS,,,,,,,,
81,"Antique &amp; Designer Furniture",antique-designer-furniture,gd_place,"ART, DESIGN &amp; ANTIQUES",,,,,,,,
82,"Antique Ceramics, Porcelain &amp; Glass",antique-ceramics-porcelain-glass,gd_place,"ART, DESIGN &amp; ANTIQUES",,,,,,,,
83,"Antique &amp; New Silverware",antique-new-silverware,gd_place,"ART, DESIGN &amp; ANTIQUES",,,,,,,,
84,"Antique Tapestries",antique-tapestries,gd_place,"ART, DESIGN &amp; ANTIQUES",,,,,,,,
85,"Antique Manuscripts",antique-manuscripts,gd_place,"ART, DESIGN &amp; ANTIQUES",,,,,,,,
86,"Other Antiques",other-antiques,gd_place,"ART, DESIGN &amp; ANTIQUES",,,,,,,,
87,"Art Drawing",art-drawing,gd_place,"ART, DESIGN &amp; ANTIQUES",,,,,,,,
88,"Art Paintings",art-paintings,gd_place,"ART, DESIGN &amp; ANTIQUES",,,,,,,,
89,"Art Photographs",art-photographs,gd_place,"ART, DESIGN &amp; ANTIQUES",,,,,,,,
90,"Art Posters",art-posters,gd_place,"ART, DESIGN &amp; ANTIQUES",,,,,,,,
91,"Art Prints",art-prints,gd_place,"ART, DESIGN &amp; ANTIQUES",,,,,,,,
92,"Art Sculptures",art-sculptures,gd_place,"ART, DESIGN &amp; ANTIQUES",,,,,,,,
93,"New Ceramics, Porcelain &amp; Glass",new-ceramics-porcelain-glass,gd_place,"ART, DESIGN &amp; ANTIQUES",,,,,,,,
94,"Designer Decoration",designer-decoration,gd_place,"ART, DESIGN &amp; ANTIQUES",,,,,,,,
95,"Other Art &amp; Design",other-art-desing,gd_place,"ART, DESIGN &amp; ANTIQUES",,,,,,,,
96,"Baby Clothing (0-24 months)",baby-clothing-0-24-months,gd_place,"BABIES &amp; MOTHERS",,,,,,,,
97,"Toddler Clothing (2-4 years)",toddler-clothing-2-4-years,gd_place,"BABIES &amp; MOTHERS",,,,,,,,
98,Hats,hats,gd_place,"BABIES &amp; MOTHERS",,,,,,,,
99,"Baby Gear &amp; Stuff",baby-gear-stuff,gd_place,"BABIES &amp; MOTHERS",,,,,,,,
100,"Bath &amp; Grooming",bath-grooming,gd_place,"BABIES &amp; MOTHERS",,,,,,,,
101,"Safety Seats for Car",safety-seats-for-car,gd_place,"BABIES &amp; MOTHERS",,,,,,,,
102,"Carriers, Backpacks &amp; Slings",carriers-backpacks-slings,gd_place,"BABIES &amp; MOTHERS",,,,,,,,
104,Shoes,shoes,gd_place,"BABIES &amp; MOTHERS",,,,,,,,
105,Accessories,accessories,gd_place,"BABIES &amp; MOTHERS",,,,,,,,
106,"Baby Sport Stuff",baby-sport-stuff,gd_place,"BABIES &amp; MOTHERS",,,,,,,,
107,"Baby Safety &amp; Health",baby-safety-health,gd_place,"BABIES &amp; MOTHERS",,,,,,,,
108,"Baby Diapering",baby-diapering,gd_place,"BABIES &amp; MOTHERS",,,,,,,,
109,"Feeding Gear &amp; Accessories",feeding-gear-accessories,gd_place,"BABIES &amp; MOTHERS",,,,,,,,
110,"Baby Gifts &amp; Keepsakes",baby-gifts-keepsakes,gd_place,"BABIES &amp; MOTHERS",,,,,,,,
111,"Nursery Beddings",nursery-beddings,gd_place,"BABIES &amp; MOTHERS",,,,,,,,
112,"Nursery Furniture &amp; Decoration",nursery-furniture-decoration,gd_place,"BABIES &amp; MOTHERS",,,,,,,,
113,"Other Baby",other-baby,gd_place,"BABIES &amp; MOTHERS",,,,,,,,
114,"Potty Training",potty-training,gd_place,"BABIES &amp; MOTHERS",,,,,,,,
115,"Baby Strollers",baby-strollers,gd_place,"BABIES &amp; MOTHERS",,,,,,,,
116,"Baby Toys &amp; Games",baby-toys-games,gd_place,"BABIES &amp; MOTHERS",,,,,,,,
117,"Babycare Products",babycare-products,gd_place,"BABIES &amp; MOTHERS",,,,,,,,
118,"Maternity Clothing",maternity-clothing,gd_place,"BABIES &amp; MOTHERS",,,,,,,,
119,"Maternity Bed Pillows",maternity-bed-pillows,gd_place,"BABIES &amp; MOTHERS",,,,,,,,
120,"Other Maternity",other-maternity,gd_place,"BABIES &amp; MOTHERS",,,,,,,,
122,"Belt Bag &amp; Fanny Bag",belt-bag-fanny-bag,gd_place,BAGS,,,,,,,,
123,"Shoulder Bag",shoulder-bag,gd_place,BAGS,,,,,,,,
124,Totes,totes,gd_place,BAGS,,,,,,,,
125,Crossbody,crossbody,gd_place,BAGS,,,,Crossbody,,,,
126,Backpack,backpack,gd_place,BAGS,,,,,,,,
127,Clutch,clutch,gd_place,BAGS,,,,,,,,
128,"Satchel &amp; Top Handle Bag",satchel-top-handle-bag,gd_place,BAGS,,,,,,,,
129,"Messenger Bag",messenger-bag,gd_place,BAGS,,,,,,,,
130,"Hobo Bag",hobo-bag,gd_place,BAGS,,,,,,,,
131,"Laptop Bag",laptop-bag,gd_place,BAGS,,,,,,,,
132,"Briefcase &amp; Document Case",briefcase-document-case,gd_place,BAGS,,,,,,,,
133,"Gym Bag",gym-bag,gd_place,BAGS,,,,,,,,
134,"Drawstring Bag",drawstring-bag,gd_place,BAGS,,,,,,,,
135,"Other Bag",other-bag,gd_place,BAGS,,,,,,,,
137,"Skincare &amp; Lotions",skincare-lotions,gd_place,"BEAUTY &amp; HEALTH",,,,,,,,
138,"Fragrances &amp; Perfume",fragrances-perfume,gd_place,"BEAUTY &amp; HEALTH",,,,,,,,
139,Makeup,makeup,gd_place,"BEAUTY &amp; HEALTH",,,,,,,,
140,"Shaving &amp; Beard Grooming",shaving-beard-grooming,gd_place,"BEAUTY &amp; HEALTH",,,,,,,,
141,"Hair &amp; Hair Removal",hair-hair-removal,gd_place,"BEAUTY &amp; HEALTH",,,,,,,,
143,"Manicure &amp; Pedicure",manicure-pedicure,gd_place,"BEAUTY &amp; HEALTH",,,,,,,,
145,"Health care",health-care,gd_place,"BEAUTY &amp; HEALTH",,,,,,,,
146,"Massaging Equipment",massaging-equipment,gd_place,"BEAUTY &amp; HEALTH",,,,,,,,
147,"Medical stuff",medical-stuff,gd_place,"BEAUTY &amp; HEALTH",,,,,,,,
148,"Oral Care",oral-care,gd_place,"BEAUTY &amp; HEALTH",,,,,,,,
149,"Eye Care",eye-care,gd_place,"BEAUTY &amp; HEALTH",,,,,,,,
150,"Other Health",other-health,gd_place,"BEAUTY &amp; HEALTH",,,,,,,,
152,Magazines,magazines,gd_place,"BOOKS &amp; MAGAZINES",,,,,,,,
153,Books,books,gd_place,"BOOKS &amp; MAGAZINES",,,,,,,,
154,"Hobby Books",hobby-books,gd_place,"BOOKS &amp; MAGAZINES",,,,,,,,
155,"Fiction Books",fiction-books,gd_place,"BOOKS &amp; MAGAZINES",,,,,,,,
156,"University Books",university-books,gd_place,"BOOKS &amp; MAGAZINES",,,,,,,,
157,"School Books",school-books,gd_place,"BOOKS &amp; MAGAZINES",,,,,,,,
158,"Children’s Literature (0-15 years)",childrens-literature-0-15-years,gd_place,"BOOKS &amp; MAGAZINES",,,,,,,,
159,"Young People’s Literature (16 – 24 years)",young-peoples-literature-16-24-years,gd_place,"BOOKS &amp; MAGAZINES",,,,,,,,
161,"Ventilation &amp; Air Conditioning",ventilation-air-conditioning,gd_place,"BUILDING &amp; REFURBISHING",,,,,,,,
162,"Nails, Screws &amp; Other Fastening",nails-screws-other-fastening,gd_place,"BUILDING &amp; REFURBISHING",,,,,,,,
163,"Glues, Paints &amp; Other Stuff",glues-paints-other-stuff,gd_place,"BUILDING &amp; REFURBISHING",,,,,,,,
164,"Electrical Tools",electrical-tools,gd_place,"BUILDING &amp; REFURBISHING",,,,,,,,
165,"Manual Tools",manual-tools,gd_place,"BUILDING &amp; REFURBISHING",,,,,,,,
166,"Isolation &amp; Roofing",isolation-roofing,gd_place,"BUILDING &amp; REFURBISHING",,,,,,,,
167,"Electrical Supplies",electrical-supplies,gd_place,"BUILDING &amp; REFURBISHING",,,,,,,,
168,"Fireplaces &amp; Heating",fireplaces-heating,gd_place,"BUILDING &amp; REFURBISHING",,,,,,,,
169,Kitchen,kitchen,gd_place,"BUILDING &amp; REFURBISHING",,,,,,,,
170,"Bathroom, WC &amp; Sauna",bathroom-wc-sauna,gd_place,"BUILDING &amp; REFURBISHING",,,,,,,,
171,"Doors &amp; Windows",doors-windows,gd_place,"BUILDING &amp; REFURBISHING",,,,,,,,
172,"Floor Materials",floor-materials,gd_place,"BUILDING &amp; REFURBISHING",,,,,,,,
173,"Ceiling materials",ceiling-materials,gd_place,"BUILDING &amp; REFURBISHING",,,,,,,,
174,Boards,boards,gd_place,"BUILDING &amp; REFURBISHING",,,,,,,,
175,Planks,planks,gd_place,"BUILDING &amp; REFURBISHING",,,,,,,,
176,Tiles,tiles,gd_place,"BUILDING &amp; REFURBISHING",,,,,,,,
177,Bricks,bricks,gd_place,"BUILDING &amp; REFURBISHING",,,,,,,,
178,"Sinks &amp; Toilet Seats",sinks-toilet-seats,gd_place,"BUILDING &amp; REFURBISHING",,,,,,,,
179,"Mortar, Cement &amp; Plaster",mortar-cement-plaster,gd_place,"BUILDING &amp; REFURBISHING",,,,,,,,
180,"Other Building &amp; Refurbishing",other-building-material,gd_place,"BUILDING &amp; REFURBISHING",,,,,,,,
181,"Other Refurbishing",other-refurbishing,gd_place,"BUILDING &amp; REFURBISHING",,,,,,,,
183,"Binoculars &amp; Telescopes",binoculars-telescopes,gd_place,CAMERAS,,,,,,,,
184,Camcorder,camcorder,gd_place,CAMERAS,,,,,,,,
185,"Camera Drones",camera-drones,gd_place,CAMERAS,,,,,,,,
186,"Camera Guides &amp; Manuals",camera-guides-manuals,gd_place,CAMERAS,,,,,,,,
187,"Camera Drone &amp; Accessories",camera-drone-accessories,gd_place,CAMERAS,,,,,,,,
188,"Digital Cameras",digital-cameras,gd_place,CAMERAS,,,,,,,,
189,"System Camera",system-camera,gd_place,CAMERAS,,,,,,,,
190,"Film &amp; Video Cameras",film-video-cameras,gd_place,CAMERAS,,,,,,,,
191,"Lenses &amp; Filters",lenses-filters,gd_place,CAMERAS,,,,,,,,
192,"Lighting &amp; Studio",lighting-studio,gd_place,CAMERAS,,,,,,,,
193,"Video Production &amp; Editing",video-production-editing,gd_place,CAMERAS,,,,,,,,
194,"Vintage Cameras &amp; Stuff",vintage-cameras-stuff,gd_place,CAMERAS,,,,,,,,
195,"Camera Accessories",camera-accessories,gd_place,CAMERAS,,,,,,,,
196,"Other Cameras",other-cameras,gd_place,CAMERAS,,,,,,,,
199,"Family Minivans",family-minivans,gd_place,"CARS &amp; MOTORBIKES",,,,,,,,
200,"Cars Sedan",cars-sedan,gd_place,"CARS &amp; MOTORBIKES",,,,,,,,
201,"Cars Coupe",cars-coupe,gd_place,"CARS &amp; MOTORBIKES",,,,,,,,
202,"Cars Hatchback",cars-hatchback,gd_place,"CARS &amp; MOTORBIKES",,,,,,,,
203,"Cars Micro",cars-micro,gd_place,"CARS &amp; MOTORBIKES",,,,,,,,
204,"Sports Cars",sports-cars,gd_place,"CARS &amp; MOTORBIKES",,,,,,,,
205,"Pickup Cars",pickup-cars,gd_place,"CARS &amp; MOTORBIKES",,,,,,,,
206,Campers,campers,gd_place,"CARS &amp; MOTORBIKES",,,,,,,,
207,"Work Vans",work-vans,gd_place,"CARS &amp; MOTORBIKES",,,,,,,,
208,Trucks,trucks,gd_place,"CARS &amp; MOTORBIKES",,,,,,,,
209,"Tractors &amp; Farming Vehicles",tractors-farming-vehicles,gd_place,"CARS &amp; MOTORBIKES",,,,,,,,
210,"Spare parts for Cars",spare-parts-for-cars,gd_place,"CARS &amp; MOTORBIKES",,,,,,,,
211,Motorbikes,motorbikes,gd_place,"CARS &amp; MOTORBIKES",,,,,,,,
212,Mopeds,mopeds,gd_place,"CARS &amp; MOTORBIKES",,,,,,,,
213,Vespa,vespa,gd_place,"CARS &amp; MOTORBIKES",,,,,,,,
214,"Moped Car",moped-car,gd_place,"CARS &amp; MOTORBIKES",,,,,,,,
215,"Spare parts for bikes",spare-parts-for-bikes,gd_place,"CARS &amp; MOTORBIKES",,,,,,,,
216,"Bike Helmets &amp; Clothing",bike-helmets-clothing,gd_place,"CARS &amp; MOTORBIKES",,,,,,,,
217,"Other Bikes",other-bikes,gd_place,"CARS &amp; MOTORBIKES",,,,,,,,
219,"Little Kid Clothing &amp; Shoes (4-6 years)",little-kid-clothing-shoes-4-6-years,gd_place,"CHILDREN &amp; ACCESSORIES",,,,,,,,
220,"Big Kid Clothing &amp; Shoes (7-9)",big-kid-clothing-shoes-7-9,gd_place,"CHILDREN &amp; ACCESSORIES",,,,,,,,
221,"Older Kids &amp; Shoes(10-15)",older-kids-shoes10-15,gd_place,"CHILDREN &amp; ACCESSORIES",,,,,,,,
222,"Young People &amp; Shoes (16-24)",young-people-shoes-16-24,gd_place,"CHILDREN &amp; ACCESSORIES",,,,,,,,
224,"Clothes for Men",clothes-for-men,gd_place,"CLOTHING &amp; SHOES",,,,,,,,
225,"Shoes for Men",shoes-for-men,gd_place,"CLOTHING &amp; SHOES",,,,,,,,
226,"Clothes for Women",clothes-for-women,gd_place,"CLOTHING &amp; SHOES",,,,,,,,
227,"Shoes for Women",shoes-for-women,gd_place,"CLOTHING &amp; SHOES",,,,,,,,
228,"Children’s Clothes",childrens-clothes,gd_place,"CLOTHING &amp; SHOES",,,,,,,,
229,"Clothing Accessories",clothing-accessories,gd_place,"CLOTHING &amp; SHOES",,,,,,,,
230,"Fashion &amp; Design",fashion-design,gd_place,"CLOTHING &amp; SHOES",,,,,,,,
231,"Other Clothing &amp; Shoes",other-clothing-shoes,gd_place,"CLOTHING &amp; SHOES",,,,,,,,
232,"Currency &amp; Coins",currency-coins,gd_place,COLLECTIBLES,,,,,,,,
233,Stamps,stamps,gd_place,COLLECTIBLES,,,,,,,,
234,"Funko Pops",funko-pops,gd_place,COLLECTIBLES,,,,,,,,
235,"Comic Books &amp; Magazines",comic-books-magazines,gd_place,COLLECTIBLES,,,,,,,,
236,Militaria,militaria,gd_place,COLLECTIBLES,,,,,,,,
237,"Vintage Magazines",vintage-magazines,gd_place,COLLECTIBLES,,,,,,,,
238,"Vintage Toys, Dolls &amp; Figurines",vintage-toys-dolls-figurines,gd_place,COLLECTIBLES,,,,,,,,
239,"Sports Cards",sports-cards,gd_place,COLLECTIBLES,,,,,,,,
240,"Vintage Bakeware",vintage-bakeware,gd_place,COLLECTIBLES,,,,,,,,
241,"Vintage Books",vintage-books,gd_place,COLLECTIBLES,,,,,,,,
242,"Vintage Musical Instruments",vintage-musical-instruments,gd_place,COLLECTIBLES,,,,,,,,
243,"Vintage Shoes",vintage-shoes,gd_place,COLLECTIBLES,,,,,,,,
244,"Vintage Gold Clubs",vintage-gold-clubs,gd_place,COLLECTIBLES,,,,,,,,
245,"Vintage Tools",vintage-tools,gd_place,COLLECTIBLES,,,,,,,,
246,"Retro Gaming Sets",retro-gaming-sets,gd_place,COLLECTIBLES,,,,,,,,
247,"Vintage Cars",vintage-cars,gd_place,COLLECTIBLES,,,,,,,,
248,"Vintage Postcards",vintage-postcards,gd_place,COLLECTIBLES,,,,,,,,
249,Jewellery,jewellery,gd_place,COLLECTIBLES,,,,,,,,
250,Pens,pens,gd_place,COLLECTIBLES,,,,,,,,
251,"Fridge Magnets",fridge-magnets,gd_place,COLLECTIBLES,,,,,,,,
252,"Vintage Vinyl Records",vintage-vinyl-records,gd_place,COLLECTIBLES,,,,,,,,
253,"Vintage Pipes for smoking &amp; Accessories",vintage-pipes-for-smoking-accessories,gd_place,COLLECTIBLES,,,,,,,,
256,Computers,computers,gd_place,"COMPUTERS &amp; TABLETS",,,,,,,,
257,Tablets,tablets,gd_place,"COMPUTERS &amp; TABLETS",,,,,,,,
258,"Components &amp; Accessories",components-accessories,gd_place,"COMPUTERS &amp; TABLETS",,,,,,,,
259,"Software &amp; Hardware",software-hardware,gd_place,"COMPUTERS &amp; TABLETS",,,,,,,,
260,"Other Computer Stuff",other-computer-stuff,gd_place,"COMPUTERS &amp; TABLETS",,,,,,,,
261,Manuals,manuals,gd_place,"COMPUTERS &amp; TABLETS",,,,,,,,
262,"Other Computers &amp; Tablets",other-computers-tablets,gd_place,"COMPUTERS &amp; TABLETS",,,,,,,,
264,"Dish Washer",dish-washer,gd_place,"HOME ELECTRONICS",,,,,,,,
265,"Dryer (for clothes)",dryer-for-clothes,gd_place,"HOME ELECTRONICS",,,,,,,,
266,"Washing Machine",washing-machine,gd_place,"HOME ELECTRONICS",,,,,,,,
267,"Microwave own",microwave-own,gd_place,"HOME ELECTRONICS",,,,,,,,
268,Owens,owens,gd_place,"HOME ELECTRONICS",,,,,,,,
269,Lamps,lamps,gd_place,"HOME ELECTRONICS",,,,,,,,
270,"Electric Kettles",electric-kettles,gd_place,"HOME ELECTRONICS",,,,,,,,
271,"Baking Machines",baking-machines,gd_place,"HOME ELECTRONICS",,,,,,,,
272,"Hair Dryers &amp; Hair",hair-dryers,gd_place,"HOME ELECTRONICS",,,,,,,,
273,"Hoovers &amp; Cleaning",hoovers-cleaning,gd_place,"HOME ELECTRONICS",,,,,,,,
274,"Other Home Electronics",other-home-electronics,gd_place,"HOME ELECTRONICS",,,,,,,,
275,"Club Games",club-games,gd_place,"ENTERTAINMENT &amp; HOBBIES",,,,,,,,
276,Crafting,crafting,gd_place,"ENTERTAINMENT &amp; HOBBIES",,,,,,,,
277,Handicrafts,handicrafts,gd_place,"ENTERTAINMENT &amp; HOBBIES",,,,,,,,
278,Stamps,stamps-entertainment-and-hobbies,gd_place,"ENTERTAINMENT &amp; HOBBIES",,,,,,,,
279,Collections,collections,gd_place,"ENTERTAINMENT &amp; HOBBIES",,,,,,,,
280,Coins,coins,gd_place,"ENTERTAINMENT &amp; HOBBIES",,,,,,,,
281,"Other Accessories",other-accessories,gd_place,"ENTERTAINMENT &amp; HOBBIES",,,,,,,,
282,"Musical Instrument Building",musical-instrument-building,gd_place,"ENTERTAINMENT &amp; HOBBIES",,,,,,,,
284,"Sofas &amp; Armchairs",sofas-armchairs,gd_place,"FURNITURE &amp; DECORATION",,,,,,,,
285,"Beds &amp; Sleeping Room",beds-sleeping-room,gd_place,"FURNITURE &amp; DECORATION",,,,,,,,
286,"Tables &amp; Chairs",tables-chairs,gd_place,"FURNITURE &amp; DECORATION",,,,,,,,
287,"Carpets &amp; Textiles",carpets-textiles,gd_place,"FURNITURE &amp; DECORATION",,,,,,,,
288,Lamps,lamps-furniture-and-decoration,gd_place,"FURNITURE &amp; DECORATION",,,,,,,,
289,"Shelves &amp; Chests of Drawers",shelves-chests-of-drawers,gd_place,"FURNITURE &amp; DECORATION",,,,,,,,
290,Cabinets,cabinets,gd_place,"FURNITURE &amp; DECORATION",,,,,,,,
291,"Other Furniture",other-furniture,gd_place,"FURNITURE &amp; DECORATION",,,,,,,,
292,"Other Decoration",other-decoration,gd_place,"FURNITURE &amp; DECORATION",,,,,,,,
294,"Kitchen Dishes &amp; utensils",kitchen-dishes-utensils,gd_place,"HOME &amp; GARDEN",,,,,,,,
295,"Kitchen Accesories",kitchen-accesories,gd_place,"HOME &amp; GARDEN",,,,,,,,
296,"Yard, Garden &amp; House Plants",yard-garden-house-plants,gd_place,"HOME &amp; GARDEN",,,,,,,,
297,"Cottage &amp; Cabin Stuff",cottage-cabin-stuff,gd_place,"HOME &amp; GARDEN",,,,,,,,
298,"Home Office Stuff",home-office-stuff,gd_place,"HOME &amp; GARDEN",,,,,,,,
299,"Other Home &amp; Garden",other-home-garden,gd_place,"HOME &amp; GARDEN",,,,,,,,
300,"Garden Shelters",garden-shelves,gd_place,"HOME &amp; GARDEN",,,,,,,,
301,Gardening,gardening,gd_place,"HOME &amp; GARDEN",,,,,,,,
302,"Yard Stuff",yard-stuff,gd_place,"HOME &amp; GARDEN",,,,,,,,
303,"Living Room Stuff",living-room-stuff,gd_place,"HOME &amp; GARDEN",,,,,,,,
304,"Sleeping Room Stuff",sleeping-room-stuff,gd_place,"HOME &amp; GARDEN",,,,,,,,
306,"Residential (Houses &amp; Apartments etc.)",residential-houses-apartments-etc,gd_place,"HOUSING &amp; REAL ESTATE",,,,,,,,
307,"Commercial (Shops &amp; Offices)",commercial-shops-offices,gd_place,"HOUSING &amp; REAL ESTATE",,,,,,,,
308,"Land, Plots, Forest &amp; Agricultural Fields",land-plots-forest-agricultural-fields,gd_place,"HOUSING &amp; REAL ESTATE",,,,,,,,
309,"Build Houses",build-houses,gd_place,"HOUSING &amp; REAL ESTATE",,,,,,,,
310,"Cottages &amp; Cabins etc.",cottages-cabins-etc,gd_place,"HOUSING &amp; REAL ESTATE",,,,,,,,
311,"Other Real Estate",other-real-estate,gd_place,"HOUSING &amp; REAL ESTATE",,,,,,,,
312,"Manufactured Housing",manufactured-housing,gd_place,"HOUSING &amp; REAL ESTATE",,,,,,,,
313,Timeshares,timeshares,gd_place,"HOUSING &amp; REAL ESTATE",,,,,,,,
314,"Other Housing &amp; Real Estate",other-housing-real-estate,gd_place,"HOUSING &amp; REAL ESTATE",,,,,,,,
315,"Craftsmen &amp; Craftswomen",craftsmen-craftswomen,gd_place,MAKERS,,,,,,,,
316,Electrician,electrician,gd_place,MAKERS,,,,,,,,
317,Carpenter,carpenter,gd_place,MAKERS,,,,,,,,
318,"Stove maker",stove-maker,gd_place,MAKERS,,,,,,,,
319,Cleaners,cleaners,gd_place,MAKERS,,,,,,,,
320,Painters,painters,gd_place,MAKERS,,,,,,,,
321,"Handyman &amp; Handywoman",handyman-handywoman,gd_place,MAKERS,,,,,,,,
322,"Repairman &amp; Repairwoman",repairman-repairwoman,gd_place,MAKERS,,,,,,,,
323,"Roof makers",roof-makers,gd_place,MAKERS,,,,,,,,
324,"Cabin builders",cabin-builders,gd_place,MAKERS,,,,,,,,
325,"Designers &amp; Decorators",designers-decorators,gd_place,MAKERS,,,,,,,,
326,Plumbers,plumbers,gd_place,MAKERS,,,,,,,,
327,"Other Makers",other-makers,gd_place,MAKERS,,,,,,,,
329,"Other Stuff",other-stuff,gd_place,MISCELLANEOUS,,,,,,,,
331,"Stock Film",stock-film,gd_place,"MOVIES &amp; ACCESSORIES",,,,,,,,
332,"DVDs &amp; Blu-ray Discs",dvds-blu-ray-discs,gd_place,"MOVIES &amp; ACCESSORIES",,,,,,,,
333,LaserDiscs,laserdiscs,gd_place,"MOVIES &amp; ACCESSORIES",,,,,,,,
334,"VHS tapes",vhs-tapes,gd_place,"MOVIES &amp; ACCESSORIES",,,,,,,,
335,UMDs,umds,gd_place,"MOVIES &amp; ACCESSORIES",,,,,,,,
336,"Movie Accessories",movie-accessories,gd_place,"MOVIES &amp; ACCESSORIES",,,,,,,,
337,"Other Formats &amp; Stuff",other-formats-stuff,gd_place,"MOVIES &amp; ACCESSORIES",,,,,,,,
339,"Music Accessories",accessories-music-and-instruments,gd_place,"MUSIC &amp; INSTRUMENTS",,,,,,,,
340,Cassettes,cassettes,gd_place,"MUSIC &amp; INSTRUMENTS",,,,,,,,
341,CDs,cds,gd_place,"MUSIC &amp; INSTRUMENTS",,,,,,,,
342,"LPs (Vinyls)",lps-vinyls,gd_place,"MUSIC &amp; INSTRUMENTS",,,,,,,,
343,"Trending Artists",trending-artists,gd_place,"MUSIC &amp; INSTRUMENTS",,,,,,,,
344,"Classical Artists",classical-artists,gd_place,"MUSIC &amp; INSTRUMENTS",,,,,,,,
345,"Other Formats",other-formats,gd_place,"MUSIC &amp; INSTRUMENTS",,,,,,,,
346,"Brass Instruments",brass-instruments,gd_place,"MUSIC &amp; INSTRUMENTS",,,,,,,,
347,"Guitars &amp; Basses",guitars-basses,gd_place,"MUSIC &amp; INSTRUMENTS",,,,,,,,
348,"Guitar Amplifiers",guitar-amplifiers,gd_place,"MUSIC &amp; INSTRUMENTS",,,,,,,,
349,"Instructions Books &amp; CDs &amp; Video",instructions-books-cds-video,gd_place,"MUSIC &amp; INSTRUMENTS",,,,,,,,
350,"Karaoke Stuff",karaoke-stuff,gd_place,"MUSIC &amp; INSTRUMENTS",,,,,,,,
351,"Sheet Music &amp; Song Books",sheet-music-song-books,gd_place,"MUSIC &amp; INSTRUMENTS",,,,,,,,
352,"String Instruments",string-instruments,gd_place,"MUSIC &amp; INSTRUMENTS",,,,,,,,
353,"Drums &amp; Percussion",drums-percussion,gd_place,"MUSIC &amp; INSTRUMENTS",,,,,,,,
354,"DJ Equipment &amp; Stuff",dj-equipment-stuff,gd_place,"MUSIC &amp; INSTRUMENTS",,,,,,,,
355,"Professional Audio Stuff",professional-audio-stuff,gd_place,"MUSIC &amp; INSTRUMENTS",,,,,,,,
356,"Keyboards &amp; Pianos &amp; Organs",keyboards-pianos-organs,gd_place,"MUSIC &amp; INSTRUMENTS",,,,,,,,
357,"Vintage Musical Instruments",vintage-musical-instruments-music-and-instruments,gd_place,"MUSIC &amp; INSTRUMENTS",,,,,,,,
358,"Wind &amp; Woodwind",wind-woodwind,gd_place,"MUSIC &amp; INSTRUMENTS",,,,,,,,
359,"Stage Effects &amp; Lighting",stage-effects-lighting,gd_place,"MUSIC &amp; INSTRUMENTS",,,,,,,,
360,"Other Music &amp; Instruments",other-musical-instruments,gd_place,"MUSIC &amp; INSTRUMENTS",,,,,,,,
361,"Snow Remover",snow-remover,gd_place,MAKERS,,,,,,,,
362,"Fire Wood Chopper",fire-wood-chopper,gd_place,MAKERS,,,,,,,,
363,"Rubbish Picker",rubbish-picker,gd_place,MAKERS,,,,,,,,
364,"Arrange a Carpool",arrange-a-carpool,gd_place,"NETWORKING SERVICES",,,,,,,,
365,"Neighbourhood Cleaning &amp; helping",neighbourhood-cleaning-helping,gd_place,"NETWORKING SERVICES",,,,,,,,
367,"Mobile Phones HTC",mobile-phones-htc,gd_place,"PHONES &amp; ACCESSORIES",,,,,,,,
368,"Mobile Phones Apple",mobile-phones-apple,gd_place,"PHONES &amp; ACCESSORIES",,,,,,,,
369,"Mobile Phones Samsung",mobile-phones-samsung,gd_place,"PHONES &amp; ACCESSORIES",,,,,,,,
370,"Mobile Phones Motorola",mobile-phones-motorola,gd_place,"PHONES &amp; ACCESSORIES",,,,,,,,
371,"Mobile Phones Google",mobile-phones-google,gd_place,"PHONES &amp; ACCESSORIES",,,,,,,,
372,"Mobile Phones Sony Ericsson",mobile-phones-sony-ericsson,gd_place,"PHONES &amp; ACCESSORIES",,,,,,,,
373,"Mobile Phones Other Makes",mobile-phones-other-makes,gd_place,"PHONES &amp; ACCESSORIES",,,,,,,,
374,"Other Telephones",other-telephones,gd_place,"PHONES &amp; ACCESSORIES",,,,,,,,
375,"Other Phones &amp; Accesories",other-phones-accesories,gd_place,"PHONES &amp; ACCESSORIES",,,,,,,,
376,"Smart Watch",smart-watch,gd_place,"PHONES &amp; ACCESSORIES",,,,,,,,
378,"Martial Arts",martial-arts,gd_place,"SPORTS &amp; ACCESSORIES",,,,,,,,
379,"Extreme Sports",extreme-sports,gd_place,"SPORTS &amp; ACCESSORIES",,,,,,,,
380,"Skiing &amp; Slalom",skiing-slalom,gd_place,"SPORTS &amp; ACCESSORIES",,,,,,,,
381,Sailing,sailing,gd_place,"SPORTS &amp; ACCESSORIES",,,,,,,,
382,"Ice Hockey &amp; Ice Skating",ice-hockey-sating,gd_place,"SPORTS &amp; ACCESSORIES",,,,,,,,
384,"Water Sports",water-sports,gd_place,"SPORTS &amp; ACCESSORIES",,,,,,,,
385,"Gym Sports",gym-sports,gd_place,"SPORTS &amp; ACCESSORIES",,,,,,,,
386,Golf,golf,gd_place,"SPORTS &amp; ACCESSORIES",,,,,,,,
387,"Running &amp; Exercise",running-exercise,gd_place,"SPORTS &amp; ACCESSORIES",,,,,,,,
388,"Tennis &amp; Badminton &amp; Racquet",tennis-badminton-racquet,gd_place,"SPORTS &amp; ACCESSORIES",,,,,,,,
389,"Hunting, Fishing &amp; Trekking",hunting-fishing-trekking,gd_place,"SPORTS &amp; ACCESSORIES",,,,,,,,
390,"American Football",american-football,gd_place,"SPORTS &amp; ACCESSORIES",,,,,,,,
391,"Football (Soccer)",football-soccer,gd_place,"SPORTS &amp; ACCESSORIES",,,,,,,,
392,Basketball,basketball,gd_place,"SPORTS &amp; ACCESSORIES",,,,,,,,
393,Handball,handball,gd_place,"SPORTS &amp; ACCESSORIES",,,,,,,,
394,Volleyball,volleyball,gd_place,"SPORTS &amp; ACCESSORIES",,,,,,,,
395,"Sports Electrics",sports-electrics,gd_place,"SPORTS &amp; ACCESSORIES",,,,,,,,
397,"Other Sports",other-sports,gd_place,"SPORTS &amp; ACCESSORIES",,,,,,,,
399,Tickets,tickets,gd_place,"TICKETS, GIFT CARDS &amp; COUPONS",,,,,,,,
400,"Gift Cards",gift-cards,gd_place,"TICKETS, GIFT CARDS &amp; COUPONS",,,,,,,,
401,Coupons,coupons,gd_place,"TICKETS, GIFT CARDS &amp; COUPONS",,,,,,,,
402,Other,other,gd_place,"TICKETS, GIFT CARDS &amp; COUPONS",,,,,,,,
404,"Action Figures",action-figures,gd_place,"TOYS, DOLLS &amp; TEDDIES",,,,,,,,
405,Barbies,barbies,gd_place,"TOYS, DOLLS &amp; TEDDIES",,,,,,,,
406,Dolls,dolls,gd_place,"TOYS, DOLLS &amp; TEDDIES",,,,,,,,
407,LEGO,lego,gd_place,"TOYS, DOLLS &amp; TEDDIES",,,,,,,,
408,Hasbro,hasbro,gd_place,"TOYS, DOLLS &amp; TEDDIES",,,,,,,,
409,Funko,funko,gd_place,"TOYS, DOLLS &amp; TEDDIES",,,,,,,,
410,"Hot Wheels",hot-wheels,gd_place,"TOYS, DOLLS &amp; TEDDIES",,,,,,,,
411,"Doll Houses",doll-houses,gd_place,"TOYS, DOLLS &amp; TEDDIES",,,,,,,,
412,"Doll House Furniture",doll-house-furniture,gd_place,"TOYS, DOLLS &amp; TEDDIES",,,,,,,,
413,"Teddy Bears",teddy-bears,gd_place,"TOYS, DOLLS &amp; TEDDIES",,,,,,,,
414,"Antique Dolls &amp; Teddies",antique-dolls-teddies,gd_place,"TOYS, DOLLS &amp; TEDDIES",,,,,,,,
415,Lionel,lionel,gd_place,"TOYS, DOLLS &amp; TEDDIES",,,,,,,,
416,"Board Games",board-games,gd_place,"TOYS, DOLLS &amp; TEDDIES",,,,,,,,
417,Collectibles,collectibles-toys-dolls-and-teddies,gd_place,"TOYS, DOLLS &amp; TEDDIES",,,,,,,,
418,"Game Sets &amp; Card Games",game-sets-card-games,gd_place,"TOYS, DOLLS &amp; TEDDIES",,,,,,,,
419,"Models &amp; Kits",models-kits,gd_place,"TOYS, DOLLS &amp; TEDDIES",,,,,,,,
420,"Model trains",model-trains,gd_place,"TOYS, DOLLS &amp; TEDDIES",,,,,,,,
421,"Other Toys, Dolls &amp; Teddies",other-toys-dolls-teddies,gd_place,"TOYS, DOLLS &amp; TEDDIES",,,,,,,,
423,"Crafts Tools",crafts-tools,gd_place,"TRADES &amp; PROFESSIONAL EQUIPMENT",,,,,,,,
424,"Personal Protective Equipment",personal-protective-equipment,gd_place,"TRADES &amp; PROFESSIONAL EQUIPMENT",,,,,,,,
425,"Office Equipment",office-equipment,gd_place,"TRADES &amp; PROFESSIONAL EQUIPMENT",,,,,,,,
426,"Machinery Equipment",machinery-equipment,gd_place,"TRADES &amp; PROFESSIONAL EQUIPMENT",,,,,,,,
427,"Agricultural Machinery",agricultural-machinery,gd_place,"TRADES &amp; PROFESSIONAL EQUIPMENT",,,,,,,,
428,"Packing &amp; Logistics",packing-logistics,gd_place,"TRADES &amp; PROFESSIONAL EQUIPMENT",,,,,,,,
429,"Food &amp; Restaurant",food-restaurant,gd_place,"TRADES &amp; PROFESSIONAL EQUIPMENT",,,,,,,,
430,"Electrical Supplies",electrical-supplies-trades-and-professional-equipment,gd_place,"TRADES &amp; PROFESSIONAL EQUIPMENT",,,,,,,,
431,"Plumbing Supplies",plumbing-supplies,gd_place,"TRADES &amp; PROFESSIONAL EQUIPMENT",,,,,,,,
432,"Energy Supplies",energy-supplies,gd_place,"TRADES &amp; PROFESSIONAL EQUIPMENT",,,,,,,,
433,"Other Trades &amp; Professional Equipment",other-trades-professional-equipment,gd_place,"TRADES &amp; PROFESSIONAL EQUIPMENT",,,,,,,,
435,Cruises,cruises,gd_place,TRAVEL,,,,,,,,
436,"Camping &amp; RV Parks",camping-rv-parks,gd_place,TRAVEL,,,,,,,,
437,Lodging,lodging,gd_place,TRAVEL,,,,,,,,
438,"Vacation Deals",vacation-deals,gd_place,TRAVEL,,,,,,,,
439,"Luggage &amp; Accessories",luggage-accessories,gd_place,TRAVEL,,,,,,,,
440,"Maps &amp; Navigation",maps-navigation,gd_place,TRAVEL,,,,,,,,
441,"ID &amp; Passport Holders",is-passport-holders,gd_place,TRAVEL,,,,,,,,
442,"Travel Accessories",travel-accessories,gd_place,TRAVEL,,,,,,,,
443,"Travel Pillows &amp; Blankets",travel-pillows-blankets,gd_place,TRAVEL,,,,,,,,
444,"Other Travel",other-travel,gd_place,TRAVEL,,,,,,,,
445,"Scooter &amp; Kickboard",scooter-kickboard,gd_place,"SPORTS &amp; ACCESSORIES",,,,,,,,
446,"Skateboard &amp; Accessories",skateboard-accessories,gd_place,"SPORTS &amp; ACCESSORIES",,,,,,,,
448,"Console Games",console-games,gd_place,"VIDEO GAMES &amp; CONSOLES",,,,,,,,
449,Consoles,consoles,gd_place,"VIDEO GAMES &amp; CONSOLES",,,,,,,,
450,"PC Games",pc-games,gd_place,"VIDEO GAMES &amp; CONSOLES",,,,,,,,
452,"Game &amp; Console Accessories",game-console-accessories,gd_place,"VIDEO GAMES &amp; CONSOLES",,,,,,,,
453,"Other Video Games &amp; Consoles",other-video-games-consoles,gd_place,"VIDEO GAMES &amp; CONSOLES",,,,,,,,
454,"BOATS &amp; TRAILERS",boats-trailers,gd_place,,,,,,,,,
457,"Sailing boat",sailing-boat,gd_place,"BOATS &amp; TRAILERS",,,,,,,,
458,"Motor Boats",motor-boats,gd_place,"BOATS &amp; TRAILERS",,,,,,,,
459,"Rowing Boats",rowing-boats,gd_place,"BOATS &amp; TRAILERS",,,,,,,,
460,"Other Boats",other-boats,gd_place,"BOATS &amp; TRAILERS",,,,,,,,
461,Trailers,trailers,gd_place,"BOATS &amp; TRAILERS",,,,,,,,
462,"Other Trailers",other-trailers,gd_place,"BOATS &amp; TRAILERS",,,,,,,,
463,"BICYCLES &amp; CYCLING",bicycles-cycling,gd_place,,,,,,,,,
465,"Children’s bicycles",childrens-bicycles,gd_place,"BICYCLES &amp; CYCLING",,,,,,,,
466,"Road Bicycles",road-bicycles,gd_place,"BICYCLES &amp; CYCLING",,,,,,,,
467,"Hybrid Bicycles",hybrid-bicycles,gd_place,"BICYCLES &amp; CYCLING",,,,,,,,
468,"Mountain Bike",mountain-bike,gd_place,"BICYCLES &amp; CYCLING",,,,,,,,
469,"Electric Bike",electric-bike,gd_place,"BICYCLES &amp; CYCLING",,,,,,,,
470,"Touring BicyclesBMX Bikes",touring-bicyclesbmx-bikes,gd_place,"BICYCLES &amp; CYCLING",,,,,,,,
471,"Folding Bicycles &amp; Cruiser Bike",folding-bicycles-cruiser-bike,gd_place,"BICYCLES &amp; CYCLING",,,,,,,,
472,"Cyclocross &amp; Gravel",cyclocross-gravel,gd_place,"BICYCLES &amp; CYCLING",,,,,,,,
473,"City Bicycles",city-bicycles,gd_place,"BICYCLES &amp; CYCLING",,,,,,,,
474,"Cargo Bike",cargo-bike,gd_place,"BICYCLES &amp; CYCLING",,,,,,,,
475,"Bicycle Accessories",bicycle-accessories,gd_place,"BICYCLES &amp; CYCLING",,,,,,,,
476,"Helmets &amp; Clothing for Cycling",helmets-clothing-for-cycling,gd_place,"BICYCLES &amp; CYCLING",,,,,,,,
477,"Other Bicycles &amp; Cycling",other-bicycles-cycling,gd_place,"BICYCLES &amp; CYCLING",,,,,,,,
478,"SEEK &amp; OFFER WORK",seek-offer-work,gd_place,,,,,,,,,
480,"Baby-sitter (Ascertain Reliability)",baby-sitter-ascertain-reliability,gd_place,"SEEK &amp; OFFER WORK",,,,,,,,
481,"Car Fixer",car-fixer,gd_place,"SEEK &amp; OFFER WORK",,,,,,,,
482,Cleaners,cleaners-seek-offer-work,gd_place,"SEEK &amp; OFFER WORK",,,,,,,,
483,"Carrying Aid",carrying-aid,gd_place,"SEEK &amp; OFFER WORK",,,,,,,,
484,"Other Seek &amp; Offer Work",other-seek-offer-work,gd_place,"SEEK &amp; OFFER WORK",,,,,,,,
485,GIVE,give,gd_place,,,,,,,,,
487,"Give Clothing",give-clothing,gd_place,GIVE,,,,,,,,
488,"Give Various Old Stuff",give-various-old-stuff,gd_place,GIVE,,,,,,,,
489,"Give Building Material",give-building-material,gd_place,GIVE,,,,,,,,
490,"Other Give",other-give,gd_place,GIVE,,,,,,,,
491,"Give Help",give-help,gd_place,GIVE,,,,,,,,
492,"WATCHES &amp; JEWELLERY",watches-jewellery,gd_place,,,,,,,,,
494,"Body Jewellery",body-jewellery,gd_place,"WATCHES &amp; JEWELLERY",,,,,,,,
495,"Children’s Jewellery",childrens-jewellery,gd_place,"WATCHES &amp; JEWELLERY",,,,,,,,
496,"Engagement &amp; Wedding",engagement-wedding,gd_place,"WATCHES &amp; JEWELLERY",,,,,,,,
497,"Regional &amp; Tribal Jewellery",regional-tribal-jewellery,gd_place,"WATCHES &amp; JEWELLERY",,,,,,,,
498,"Fashion Jewellery",fashion-jewellery,gd_place,"WATCHES &amp; JEWELLERY",,,,,,,,
499,"Artisan &amp; Handmade Jewellery",artisan-handmade-jewellery,gd_place,"WATCHES &amp; JEWELLERY",,,,,,,,
500,"Jewellery Care &amp; Repair",jewellery-care-repair,gd_place,"WATCHES &amp; JEWELLERY",,,,,,,,
501,"Loose Beads &amp; Design",loose-beads-design,gd_place,"WATCHES &amp; JEWELLERY",,,,,,,,
502,"Jewellery for Men",jewellery-for-men,gd_place,"WATCHES &amp; JEWELLERY",,,,,,,,
503,"Other Jewellery",other-jewellery,gd_place,"WATCHES &amp; JEWELLERY",,,,,,,,
504,"Antique &amp; Vintage Jewellery",antique-vintage-jewellery,gd_place,"WATCHES &amp; JEWELLERY",,,,,,,,
505,"Watches for Men",watches-for-men,gd_place,"WATCHES &amp; JEWELLERY",,,,,,,,
506,"Watches for Women",watches-for-women,gd_place,"WATCHES &amp; JEWELLERY",,,,,,,,
507,"Watches for Children",watches-for-children,gd_place,"WATCHES &amp; JEWELLERY",,,,,,,,
508,"Accessories for Watches",accessories-for-watches,gd_place,"WATCHES &amp; JEWELLERY",,,,,,,,
512,"Other Art, Design &amp; Antiques",other-art-design-antiques,gd_place,"ART, DESIGN &amp; ANTIQUES",,,,,,,,
514,"Other Babies &amp; Mother",other-babies-mother,gd_place,"BABIES &amp; MOTHERS",,,,,,,,
515,"Other Beauty &amp; Health",other-beauty-health,gd_place,"BEAUTY &amp; HEALTH",,,,,,,,
516,"Other Magazines &amp; Books",other-magazines-books,gd_place,"BOOKS &amp; MAGAZINES",,,,,,,,
518,"Other Cars",other-cars,gd_place,"CARS &amp; MOTORBIKES",,,,,,,,
519,"Other Children’s Stuff",other-childrens-stuff,gd_place,"CHILDREN &amp; ACCESSORIES",,,,,,,,
520,"Other Collectibles",other-collectibles,gd_place,COLLECTIBLES,,,,,,,,
522,"Other Entertainment &amp; Hobbies",other-entertainment-hobbies,gd_place,"ENTERTAINMENT &amp; HOBBIES",,,,,,,,
525,"Other Networking Services",other-networking-services,gd_place,"NETWORKING SERVICES",,,,,,,,
526,"Reading Groups &amp; Book Clubs",reading-groups-book-clubs,gd_place,"HOBBY GROUPS &amp; MEMBERS",,,,,,,,
527,"Musical Bands (Rock, Pop, Classical etc.)",musical-bands-rock-pop-classical-etc,gd_place,"HOBBY GROUPS &amp; MEMBERS",,,,,,,,
528,"Coffee &amp; Conversation Groups",coffee-conversation-groups,gd_place,"HOBBY GROUPS &amp; MEMBERS",,,,,,,,
529,"Chess Club &amp; Pétanque",chess-club-petanque,gd_place,"HOBBY GROUPS &amp; MEMBERS",,,,,,,,
530,"Stamps Collector’s Exchange Group",stamps-collectors-exchange-group,gd_place,"HOBBY GROUPS &amp; MEMBERS",,,,,,,,
531,"Other Groups &amp; Members",other-groups-members,gd_place,"HOBBY GROUPS &amp; MEMBERS",,,,,,,,
